{
  "FEATURES": [
    "ret_1m",
    "ret_3m",
    "ret_5m",
    "ret_10m",
    "btc_return_since_open",
    "volatility_5m",
    "vol_ratio",
    "volume_1m",
    "mkt_premium",
    "up_book_imbalance",
    "down_book_imbalance",
    "btc_poly_divergence",
    "recent_up_pct_5",
    "recent_streak",
    "recent_mkt_surprise_5",
    "market_progress"
  ],
  "TRAIN_MED": {
    "ret_1m": -1.4153967153873737e-07,
    "ret_3m": 6.543163041827782e-06,
    "ret_5m": 2.2904915968346984e-06,
    "ret_10m": 1.3429634651673794e-05,
    "btc_return_since_open": -1.2755033350630995e-06,
    "volatility_5m": 0.0004484139887711,
    "vol_ratio": 1.0177571962394154,
    "volume_1m": 7.24901,
    "mkt_premium": 0.010000000000000009,
    "up_book_imbalance": -0.04545454545433884,
    "down_book_imbalance": 0.04708313638930954,
    "btc_poly_divergence": -0.00949723947162616,
    "recent_up_pct_5": 0.6,
    "recent_streak": 1.0,
    "recent_mkt_surprise_5": 0.0,
    "market_progress": 0.35
  },
  "CFG": {
    "TRAIN_FRAC": 0.4,
    "VAL_FRAC": 0.15,
    "STAKE": 10.0,
    "INIT_CAPITAL": 1000.0,
    "ENTRY_LO": 0.1,
    "ENTRY_HI": 0.6,
    "MIN_P": 0.8,
    "VALUE_EDGE": 0.1,
    "FLIP_THRESH": 0.3,
    "TRAIN_PROGRESS_LO": 0.1,
    "TRAIN_PROGRESS_HI": 0.6
  },
  "USE_XGB": true
}